Agent,Market,Difference,Strategy Wins (%)
0.37105561073710597,0.5374647887323974,-0.16640917799529148,
0.5945902092160198,1.008765522279023,-0.41417531306300326,
1.0175422459020693,0.7266808717132655,0.29086137418880387,
0.917701337302828,1.4281897912281338,-0.5104884539253058,
0.7583719577089331,0.43575757575758195,0.3226143819513511,
0.5189337071287119,1.9562043795620376,-1.4372706724333257,
0.7339701047274387,0.9367436080183511,-0.20277350329091237,
0.5751638352053157,0.5478723404255318,0.027291494779783876,
0.8557611922762943,1.283891738095975,-0.4281305458196806,
0.7594855851098185,1.537132265700163,-0.7776466805903445,
0.5548858720728235,0.4641328451343449,0.09075302693847859,
0.7030079242016135,2.325094260578143,-1.6220863363765297,
0.6225582047783926,1.3057019645424122,-0.6831437597640195,
0.8573392739015753,1.7502153316106288,-0.8928760577090535,
0.751894615472158,2.44503311258276,-1.693138497110602,
0.931088823357764,1.3093333333333759,-0.3782445099756119,
0.5453394449456038,1.2658904734973586,-0.7205510285517548,
1.143320170089656,1.0459035013700189,0.09741666871963717,
1.8720591009216265,0.678571428571418,1.1934876723502086,
0.3893047033319023,0.5231229119043462,-0.13381820857244392,
0.7135582051556483,0.914798762970439,-0.20124055781479078,
0.9433686999709853,0.5837063774431015,0.35966232252788377,
0.3443781084713094,0.5842696629213545,-0.23989155445004512,
0.32384774308801667,1.0431034482758774,-0.7192557051878607,
0.6103908908075968,1.0543384556875806,-0.44394756487998377,
0.6015108866385619,0.6059272586420822,-0.004416372003520297,
1.0661877570622516,2.0045373521308507,-0.9383495950685992,
1.2561894761825532,1.7092270335896396,-0.4530375574070864,
0.5325073146745231,1.2390294269488908,-0.7065221122743678,
1.3141917963029928,0.43391521197006977,0.880276584332923,
0.780978614192504,1.9306981519507382,-1.149719537758234,
1.4154015058448544,1.8499513881387264,-0.43454988229387204,
0.4783316837430638,0.7754662840746056,-0.2971346003315418,
0.8125492133436341,1.2147396889789965,-0.4021904756353625,
0.833515541008858,1.3799999999999821,-0.5464844589911241,
0.665337256564175,1.532764593054865,-0.86742733649069,
0.9011894823456242,1.5314641185174236,-0.6302746361717994,
0.6426936333276878,0.7933125433125569,-0.15061890998486904,
0.953795624964146,1.2674418604651287,-0.3136462355009827,
0.6888136186975258,2.263783783783738,-1.5749701650862122,
0.8047819152712429,0.9171518010941353,-0.11236988582289242,
0.7430776937675064,1.2016129032258132,-0.4585352094583067,
0.7036890031425493,0.9128660916669112,-0.2091770885243619,
1.159868347679333,1.475315315315274,-0.31544696763594104,
0.6602341847031481,1.5691581822696683,-0.9089239975665202,
0.8280742445161106,0.9838216003498106,-0.15574735583370003,
0.8259617165697067,1.2387761445546808,-0.41281442798497403,
0.8925414858101923,1.2309677419354668,-0.33842625612527444,
1.0687042585511468,0.4005466778805597,0.6681575806705871,
1.0657188883685405,0.7479338842975134,0.31778500407102706,
0.6187223739207576,0.6634615384615375,-0.044739164540779974,
0.42622310115823375,1.5257142857142458,-1.099491184556012,
0.4803699039830041,1.9324324324323652,-1.4520625284493611,
0.5588016490513138,0.6274509803921504,-0.06864933134083662,
0.809105060862956,2.1369374313940095,-1.3278323705310535,
1.0898891130890922,0.7557251908396949,0.3341639222493973,
0.4776623809242265,3.263157894736761,-2.785495513812535,
0.4628271261919837,1.5496511003757258,-1.0868239741837422,
0.4729108194782346,1.2586473928755761,-0.7857365733973416,
0.38280329378251166,1.390650718753453,-1.0078474249709413,
0.6820729560116355,0.5170953546721468,0.1649776013394887,
1.417740296985736,1.6673328166257468,-0.24959251964001083,
0.6350376509884478,1.7537826685006426,-1.118745017512195,
0.6190999415323548,1.5195912467156716,-0.9004913051833168,
0.7567222182111388,1.0491568864689436,-0.29243466825780473,
0.33720834145322437,1.5719540229884617,-1.2347456815352373,
0.8797544693936857,2.007516339869291,-1.127761870475605,
0.7947840095208673,1.1960482218586679,-0.40126421233780063,
0.7113457425521795,1.1223252120127745,-0.41097946946059494,
0.6227398324509534,1.5974882102632593,-0.9747483778123058,
0.7319984177542509,0.7952864848538502,-0.06328806709959933,
1.3659793940063096,1.0840486568060184,0.28193073720029127,
1.2505555018105228,0.9652317288696893,0.28532377294083344,
1.047112344906961,1.4013207040635074,-0.35420835915654636,
0.587121511849898,1.067562288504796,-0.4804407766548979,
0.686705734990847,1.2296877752603315,-0.5429820402694845,
0.9099699456147111,1.5023146756448051,-0.592344730030094,
0.7141405013613984,1.6281575467414073,-0.9140170453800089,
1.560425205008878,1.0632827617351217,0.49714244327375634,
0.7841393682318396,0.819566616709589,-0.03542724847774936,
0.7632078012150653,0.8057755641380788,-0.04256776292301356,
0.9787380346242931,0.6768412738325842,0.3018967607917089,
0.9476352845064213,0.8450545317788866,0.10258075272753475,
1.0332019023903602,0.7208003722661797,0.3124015301241806,
0.6849036622599006,1.3269403435653124,-0.6420366813054118,
0.4857406653281008,1.0724112961622145,-0.5866706308341137,
0.7214368312380087,0.699523809523812,0.021913021714196734,
1.8675903897055044,2.44503311258276,-0.5774427228772556,
0.9481424935830572,0.7553541754568708,0.19278831812618646,
0.9730662167592983,0.6495483252121655,0.32351789154713273,
1.694371851317894,2.5061605061604904,-0.8117886548425963,
0.7458041614525545,1.015400808717319,-0.2695966472647645,
0.7273428094871792,0.9429896093050367,-0.2156467998178575,
0.5977513798247713,1.5195912467156716,-0.9218398668909003,
0.7557573004515181,0.934705988654904,-0.17894868820338583,
0.47233538426514904,0.8438709677419175,-0.37153558347676846,
0.4658584209776448,1.7735082209495874,-1.3076497999719425,
0.9788245929464877,1.4412244580840614,-0.4623998651375737,
0.9886641509741502,1.469720799920207,-0.48105664894605693,
1.2324308557296213,0.4825205616647802,0.7499102940648411,22.0
0.7746425490238279,1.5682005020175303,-0.7935579529937024,22.0
1.3444930874480492,1.197147223637258,0.14734586381079118,23.0
0.6163269602281358,2.0370588235294047,-1.4207318633012689,22.0
0.7065375404257066,0.8264138799101441,-0.11987633948443754,22.0
0.7543503804120228,1.4817804931267609,-0.727430112714738,21.0
1.49047152326074,3.800000000000018,-2.309528476739278,21.0
0.6328165135211382,0.2887999999999982,0.34401651352114,22.0
0.8728081581877724,1.143452541005675,-0.2706443828179027,21.0
0.757381244003367,1.6607648725212893,-0.9033836285179223,21.0
0.33339385256876003,0.5615094339622685,-0.22811558139350846,21.0
0.8248559182869958,0.8146137173346589,0.010242200952336855,21.0
0.6697561431683221,0.9597536620374553,-0.28999751886913316,21.0
0.8950908610223536,0.9999999999999988,-0.1049091389776452,21.0
0.6405758165024623,1.0032449148015203,-0.362669098299058,21.0
0.7099187950385789,1.579682185104314,-0.869763390065735,21.0
1.0660830919681707,1.619398686787234,-0.5533155948190633,21.0
1.0200910356095534,1.1241540436877409,-0.10406300807818747,21.0
1.4134479304567673,0.7861818181818165,0.6272661122749508,21.0
1.4960904714420342,0.6058823529411768,0.8902081185008575,21.0
0.9411469738755426,0.5727272727272585,0.36841970114828404,22.0
1.4895822625215345,1.5529685681024124,-0.06338630558087788,22.0
1.0465278878465794,0.8689355539464129,0.1775923339001665,22.0
1.8133236905877612,0.4033173411476767,1.4100063494400845,23.0
1.0163828213281891,0.9484101711955156,0.0679726501326735,24.0
0.6585690897244583,1.5371862767671627,-0.8786171870427044,24.0
0.9832239274420569,0.8486905916585861,0.13453333578347082,25.0
1.1173141490440512,1.8196721311475794,-0.7023579821035282,25.0
1.028194454857359,1.0781577301679015,-0.049963275310542565,25.0
0.7098032852804769,1.7935674601151788,-1.0837641748347018,25.0
0.7436170375733042,1.4795393285958962,-0.735922291022592,24.0
1.184409344658824,2.366600790513869,-1.182191445855045,24.0
0.552468331676859,0.6679707875068835,-0.1155024558300245,24.0
0.8824745320457063,0.6161308921457667,0.2663436398999396,25.0
0.5837671982629506,0.8754299613793531,-0.2916627631164025,25.0
0.565794825123891,1.0737756560789353,-0.5079808309550443,25.0
0.6380657048910784,1.778959600931697,-1.1408938960406187,25.0
0.7859275305543145,1.1231458232061537,-0.3372182926518392,25.0
1.2293632761254847,1.7766990291262832,-0.5473357530007985,25.0
1.3018881506240387,2.5032284100080484,-1.2013402593840097,25.0
0.6043401259634125,1.3932107496464234,-0.788870623683011,25.0
0.5126178193162394,2.1794871794872113,-1.6668693601709719,25.0
1.3881016171102758,1.4161346488683204,-0.028033031758044613,25.0
0.7886515961845779,3.3797370456302986,-2.5910854494457207,25.0
0.700814809186021,0.5652001413110695,0.13561466787495147,26.0
1.2194188263670949,2.3980212314224207,-1.1786024050553259,26.0
0.7315613135379407,0.7841087297438389,-0.0525474162058982,26.0
0.9213761023690675,1.0979294907666513,-0.17655338839758372,26.0
0.45561942286442886,0.5508803575110527,-0.09526093464662383,26.0
1.2071759814848915,2.5957232704402595,-1.388547288955368,25.0
0.8550223019365009,1.7376877198310643,-0.8826654178945634,24.0
0.8076767586399748,0.6969696969697013,0.11070706167027344,25.0
1.9248420532258612,1.4780348323369086,0.44680722088895264,26.0
0.5682963636369802,2.508474576271116,-1.9401782126341356,26.0
0.33962709363117366,0.5860483340261935,-0.24642124039501984,26.0
0.5359369640174673,0.5647143655127574,-0.028777401495290178,26.0
0.7915003207603469,1.397229410654147,-0.6057290898938,25.0
0.6094481097217246,1.2531506849314749,-0.6437025752097503,25.0
1.215898323402143,0.6262911064878585,0.5896072169142845,26.0
0.634202494712785,0.5546200360887841,0.07958245862400093,27.0
1.2266825809402186,1.7510635042081144,-0.5243809232678958,27.0
0.8198663668785476,1.503873572884892,-0.6840072060063443,26.0
1.1258727869725025,1.4279216222590319,-0.30204883528652937,26.0
1.792374595305394,1.9392039258451337,-0.14682933053973968,26.0
0.9201443696392926,0.950196742325841,-0.030052372686548368,26.0
0.5544637259211841,0.7195231788079588,-0.1650594528867747,26.0
1.153331623234923,1.2569546741133644,-0.10362305087844126,26.0
0.9506594241940951,0.5728150970218813,0.37784432717221383,27.0
1.0643989935855604,1.6864387201109174,-0.622039726525357,27.0
0.5417774147516052,0.7850595369889432,-0.24328212223733792,27.0
0.9672274965765192,2.5012753552776044,-1.534047858701085,27.0
1.2220022524004808,1.4643020594965719,-0.2422998070960911,27.0
0.9341696373423576,0.8968317806996062,0.037337856642751355,27.0
1.0173783054515886,0.7779633253091298,0.23941498014245877,27.0
0.7397581916616525,2.3765286923800772,-1.6367705007184248,27.0
0.9065074736732964,2.930594900849905,-2.0240874271766085,27.0
1.342890149040915,0.965603190428669,0.37728695861224604,28.0
1.0129099630768756,1.5271950389975124,-0.5142850759206368,28.0
1.00419139937569,2.438458689458631,-1.434267290082941,28.0
0.9887439163973014,1.2609948998447371,-0.2722509834474357,27.0
1.101992618649907,0.6619963375518183,0.43999628109808864,28.0
0.8828147515253832,2.071746031746034,-1.1889312802206506,28.0
0.7824108002779613,1.4112676056338336,-0.6288568053558723,27.0
0.9222203467859714,1.5943441805747303,-0.6721238337887588,26.0
1.0147480463282523,1.3815365498299106,-0.36678850350165826,25.0
0.707248818082473,2.4219590958019506,-1.7147102777194776,25.0
0.8875970242056418,1.6376811594202947,-0.7500841352146529,25.0
0.4954333623392128,1.501793103448256,-1.006359741109043,24.0
0.7798711423900256,1.2054220528224648,-0.4255509104324392,24.0
1.009739729676646,1.23279952287883,-0.22305979320218405,23.0
0.8691919289620529,0.8312135980030843,0.03797833095896863,23.0
0.8194429038518128,0.9096429686429461,-0.0902000647911333,23.0
0.9968830269906339,1.4271186440677974,-0.4302356170771635,23.0
1.1674796083745271,2.370246085011173,-1.202766476636646,23.0
0.8350562581298943,1.4048096192384858,-0.5697533611085915,23.0
0.8191872060784442,2.908558888076076,-2.0893716819976316,23.0
0.6841820365766131,1.0562890326443972,-0.3721069960677841,23.0
0.5573349493791293,0.9838087868596229,-0.4264738374804936,23.0
0.8539705190329566,0.8692386126920632,-0.01526809365910653,23.0
0.713206694628634,1.2335817747152598,-0.5203750800866258,23.0
3.3584858192839846,0.740000000000006,2.6184858192839786,23.0
1.1955329036000715,1.4469830111306354,-0.25145010753056396,23.0
2.4953525660100317,0.32687907058616467,2.168473495423867,23.0
0.8122372622416323,1.4054591089730455,-0.5932218467314132,23.0
0.7465929774692146,0.6824390509687576,0.06415392650045704,24.0
0.826715460608582,2.597755249819032,-1.77103978921045,24.0
0.7842758968941084,0.8153414720749581,-0.031065575180849736,24.0
1.171165132455387,1.6055622009570218,-0.43439706850163495,23.0
2.499044112273722,2.7132352941176667,-0.2141911818439448,23.0
1.3205236366434954,1.8592003687060608,-0.5386767320625654,23.0
0.5760605645788652,1.2680937859369583,-0.6920332213580931,23.0
0.7126148099810404,1.197170723555609,-0.4845559135745686,22.0
0.817880986489198,1.5682005020175303,-0.7503195155283322,22.0
1.0518847048984223,1.5058820573568399,-0.45399735245841755,22.0
0.9373300285310857,1.3288615073281245,-0.39153147879703876,22.0
0.7753898728654179,1.9753086419753412,-1.1999187691099231,22.0
1.143140233645706,1.3157894736842068,-0.1726492400385009,22.0
0.651305659939061,0.7362816827802406,-0.08497602284117967,22.0
0.6935133713534788,1.2634463857485183,-0.5699330143950395,21.0
0.9671537765811935,1.5404975576507793,-0.5733437810695858,20.0
1.0003795836159795,1.0198196976589917,-0.01944011404301227,19.0
1.149828859596374,1.7339198928832005,-0.5840910332868265,19.0
2.7920300543933263,0.5607633076665559,2.2312667467267704,19.0
1.4403951784414044,0.7368069924367324,0.703588186004672,19.0
0.9263527245306813,2.0488808426596767,-1.1225281181289954,18.0
2.935924271533759,1.7857142857142903,1.1502099858194688,19.0
0.8004970296767064,0.6248837209302242,0.1756133087464823,19.0
0.9644444358347444,1.6187787429796063,-0.654334307144862,19.0
1.0755396506211266,1.4363995688106534,-0.3608599181895269,19.0
0.9419358082497563,0.4372475767366877,0.5046882315130686,20.0
0.8989850130134595,1.7189645825803825,-0.8199795695669231,20.0
0.9135592415641732,2.7599699021820756,-1.8464106606179023,20.0
2.5203538051515886,0.7258924907673329,1.7944613143842556,21.0
0.9128352371676425,2.0396618985695154,-1.126826661401873,20.0
2.985031852230824,1.0364959113949497,1.9485359408358742,21.0
1.2216129294010134,1.1154202516332015,0.10619267776781194,22.0
1.1565017284467891,1.1342857142857072,0.022216014161081876,23.0
0.7907590618316807,0.9715841866951291,-0.18082512486344848,23.0
0.7502910071837776,1.4955836715206414,-0.7452926643368638,23.0
0.6733575988404976,0.6990555555555381,-0.025697956715040493,23.0
1.6148934865490625,0.6836697247706397,0.9312237617784228,24.0
0.9619471714659376,2.2622745098039094,-1.3003273383379719,24.0
1.0151125135474248,1.4202548708955283,-0.40514235734810344,24.0
1.1848970258560194,2.150032474561598,-0.9651354487055785,24.0
1.3318055669372064,0.6201550387596898,0.7116505281775166,24.0
1.0469747996591066,2.7244094488188786,-1.677434649159772,24.0
2.3156066737005667,0.507188626176908,1.8084180475236589,25.0
1.8275387260635219,1.0358180058083228,0.791720720255199,26.0
1.8365656624108653,3.113684210526246,-1.2771185481153806,26.0
1.111403684662603,0.6592562939892815,0.45214739067332144,27.0
1.0515563978675684,1.1415009041591142,-0.08994450629154582,27.0
1.6143882760845818,0.6274509803921732,0.9869372956924086,27.0
1.3837828449873921,0.7032165358682427,0.6805663091191494,27.0
1.187628893378604,1.100917431192651,0.08671146218595283,28.0
0.9640992310444988,0.7438942216741353,0.22020500937036347,29.0
0.7615231030510202,0.5042794759825356,0.2572436270684846,30.0
1.0187259080888755,1.9392039258451337,-0.9204780177562581,30.0
1.265734759098572,1.4415690158531191,-0.17583425675454722,30.0
1.267248441585283,1.0221231374678008,0.24512530411748212,30.0
1.1286369748107594,1.501747030048887,-0.3731100552381277,29.0
1.4453003330695657,0.745050505050506,0.7002498280190598,30.0
1.174268078352058,1.22684513094478,-0.05257705259272205,30.0
0.43331365996498017,2.1724778664335114,-1.7391642064685313,30.0
1.4153702789032154,1.4124332663647823,0.002937012538433148,31.0
0.9642584636707104,1.0177964276660725,-0.05353796399536204,31.0
2.101348436575632,1.5277777777777766,0.5735706587978553,32.0
1.54541899860602,1.7114212916804332,-0.16600229307441317,32.0
1.2289993430235178,1.3169478202103952,-0.08794847718687748,31.0
1.269988416890368,1.3039174353896288,-0.03392901849926089,31.0
1.3543371984782557,1.0233399624929804,0.3309972359852753,32.0
0.8316175400491991,0.8104854368932038,0.02113210315599523,33.0
0.9271322211238422,0.7491742475203259,0.17795797360351628,34.0
0.9528341776176712,1.1346432551797685,-0.1818090775620973,33.0
1.0556659775708837,1.3124599772298156,-0.2567939996589319,32.0
0.7602500896584778,0.9341990862890936,-0.1739489966306158,32.0
0.7471272198752794,1.9370114942528565,-1.189884274377577,32.0
1.211226007655868,0.9401377846366735,0.27108822301919455,32.0
1.1439739907711355,1.5302567582852589,-0.3862827675141234,32.0
1.4293025405623407,2.297885381550745,-0.8685828409884044,32.0
1.0696182151445028,1.8697109342270797,-0.8000927190825768,32.0
0.8489588964453441,1.9797297297297802,-1.1307708332844362,31.0
1.0090716374766566,1.1876539828498185,-0.17858234537316187,31.0
1.360636662516944,0.5657538650111894,0.7948827975057545,32.0
0.8878189314334994,2.9928057553957563,-2.104986823962257,32.0
0.9696370511341205,0.7628522689012436,0.20678478223287688,33.0
1.0252557577829253,1.052366967589698,-0.02711120980677273,33.0
1.0615589297540367,1.8315000000000305,-0.7699410702459939,33.0
1.5964800743293786,1.2402037870974052,0.35627628723197335,34.0
0.9891297396218481,1.3213432118577673,-0.3322134722359191,34.0
0.8220677140814531,1.0690347974732881,-0.24696708339183504,34.0
1.2497654228526187,1.8621052631578654,-0.6123398403052467,33.0
1.4371883337098679,1.0382487095022512,0.39893962420761664,34.0
1.2374231833470946,0.4706666666666548,0.7667565166804398,35.0
0.8887577360357363,2.2435787671233354,-1.354821031087599,35.0
1.4727631285612042,0.8629357741616182,0.609827354399586,36.0
0.39376009157050784,1.3477600607441367,-0.9539999691736288,36.0
0.9685573607122624,1.627844524767086,-0.6592871640548237,36.0
1.2046446089549738,1.4817475823232102,-0.2771029733682364,36.0
1.0958042934364847,0.6150303030303084,0.4807739904061763,37.0
1.0996944132645878,1.2646396540517097,-0.16494524078712192,37.0
0.8510378162273422,0.7705778872224359,0.08045992900490628,37.0
1.4791310876891135,0.5944223107569654,0.8847087769321481,38.0
1.6630087969636416,0.6836697247706397,0.9793390721930019,38.0
2.4717483434916847,0.5753698520591775,1.8963784914325073,39.0
1.1869199895105063,1.5125284629977191,-0.3256084734872129,38.0
0.38736145443449993,3.1398429833168655,-2.7524815288823654,38.0
1.2406923995861043,0.9947349769800677,0.2459574226060366,39.0
0.9570217196717956,1.8638768638768866,-0.906855144205091,39.0
0.8676172355300673,1.4792394934658162,-0.6116222579357489,39.0
0.9372376454825883,1.0747336587226608,-0.13749601324007255,39.0
0.8641955266083078,0.8131286559139339,0.05106687069437388,40.0
1.6596136944496394,0.8052857123522892,0.8543279820973502,41.0
1.1764357410352848,2.1609733270940157,-0.9845375860587309,41.0
1.2340370179678233,1.4594214467632094,-0.22538442879538612,41.0
0.8941354295100007,2.294685250421187,-1.4005498209111864,41.0
1.9497280453014183,1.7053272132339703,0.244400832067448,42.0
1.6205835236345425,2.5550947867298768,-0.9345112630953343,42.0
1.158032476800937,2.0625000000000084,-0.9044675231990715,42.0
0.952705632497956,1.462434712736039,-0.509729080238083,42.0
1.3830234990377395,1.3813672922252191,0.0016562068125203222,43.0
0.5917123034262655,0.8014705882353019,-0.20975828480903647,43.0
1.342443849089822,0.7786560501088957,0.5637877989809263,44.0
2.267502063585106,1.1714507959744187,1.0960512676106873,44.0
1.092313838794026,1.07729234122927,0.015021497564756014,44.0
3.293377629302072,4.455445544554461,-1.1620679152523894,44.0
0.7085921939195288,1.978122448979625,-1.2695302550600962,43.0
1.0246372548218898,1.350480011462974,-0.3258427566410842,42.0
1.2645428141299626,0.6880657106213752,0.5764771035085874,43.0
0.46784567250845044,0.5742943783531577,-0.10644870584470723,43.0
1.0497461909340071,0.9193550753979445,0.13039111553606264,43.0
0.9198068189828834,1.4183560744943238,-0.49854925551144036,43.0
1.2726449867089218,1.532764593054865,-0.2601196063459432,43.0
1.0100745195602026,0.7765023632680684,0.23357215629213413,43.0
1.4718408931420606,0.6744123134736273,0.7974285796684333,44.0
1.2389088779002344,1.1152894327437477,0.12361944515648671,44.0
0.8295183770441222,1.6657094998803657,-0.8361911228362434,43.0
0.8123260615363195,1.8409090909090646,-1.0285830293727452,42.0
1.2466362671382951,0.7668032786884837,0.47983298844981137,43.0
0.8737684888396436,0.8249442549338525,0.04882423390579116,44.0
0.8498366599821654,0.9951095507185863,-0.1452728907364209,44.0
0.9081206535141351,0.605578664056764,0.3025419894573711,44.0
1.6416548902168124,1.3439719604296643,0.29768292978714816,45.0
1.6428118897953738,0.6899224806201627,0.9528894091752111,46.0
1.541423037664603,1.7842907385697526,-0.24286770090514964,46.0
1.9975810088401083,0.33529736696741075,1.6622836418726976,46.0
0.6625815842636205,2.1140749148694282,-1.4514933306058078,46.0
0.6024940726741225,1.1199498246990527,-0.5174557520249302,45.0
0.9375516477274958,1.79566910537311,-0.8581174576456142,44.0
1.755434444545662,0.6701030927835034,1.0853313517621586,45.0
1.7122875183455912,1.0094925954511302,0.702794922894461,45.0
0.7615806783658302,1.1247907970286255,-0.3632101186627953,45.0
0.7391520000801863,1.2203140333660647,-0.48116203328587837,44.0
0.8230718171154223,1.515256858136892,-0.6921850410214696,43.0
0.9461753587578057,1.383754205881398,-0.4375788471235924,42.0
1.3169407253112924,0.7795983086680505,0.5373424166432419,42.0
1.003849001276687,0.8900947090747198,0.1137542922019672,42.0
1.025960021959189,0.9137148602114673,0.11224516174772159,43.0
1.2744527655067215,1.5097972457133755,-0.235344480206654,43.0
1.0560311726134266,0.8518317354281161,0.20419943718531053,43.0
1.0482595372836365,1.0779739834081468,-0.02971444612451024,43.0
0.9921301818065755,0.8886786902044408,0.10345149160213474,43.0
1.723835925569148,2.508474576271116,-0.7846386507019678,43.0
1.0249292541099873,1.7756049275711334,-0.7506756734611462,43.0
0.5913789144159829,1.740656335460366,-1.149277421044383,42.0
1.183097638241136,0.7609173023261369,0.42218033591499915,43.0
0.7428424185795911,1.2940723633564037,-0.5512299447768126,42.0
0.34523022069419185,0.6017505470459534,-0.2565203263517616,42.0
2.1775303049433954,0.4776988408738676,1.6998314640695278,43.0
0.7629545014840386,2.2388349514563863,-1.4758804499723477,43.0
1.2737213125074442,1.992858070380494,-0.7191367578730496,42.0
0.8752410950755442,2.44957709824337,-1.5743360031678257,41.0
1.5125979746967089,1.5607407407406408,-0.04814276604393197,40.0
1.9037668744485312,2.838684416601416,-0.9349175421528846,40.0
0.8113346700568804,0.9245200976083455,-0.1131854275514651,40.0
0.8314385395987383,1.9825891603482064,-1.1511506207494682,40.0
0.7836809813410834,1.1842857142857177,-0.4006047329446343,40.0
1.4178214520187697,0.9099150464678608,0.5079064055509089,40.0
1.5704466717537162,0.5547263681592041,1.0157203035945122,41.0
2.4238001865269148,0.6438001553197219,1.7800000312071929,42.0
0.9982105356730858,1.1390992485957272,-0.14088871292264138,42.0
0.6612168570257277,0.5799853907961864,0.08123146622954136,43.0
2.4362387495857813,0.4533236469306112,1.9829151026551701,44.0
1.1722999374176206,2.0005387931034706,-0.82823885568585,43.0
1.3469887013159192,2.3359375000000773,-0.9889487986841581,43.0
1.0870321456923415,0.6997430970041159,0.38728904868822567,43.0
1.3758451009356325,1.18816927430358,0.1876758266320524,44.0
2.36170472533915,0.7899056216659841,1.571799103673166,45.0
1.4062302537327291,1.8053593611358512,-0.399129107403122,44.0
2.2558727360383424,0.29933169187477215,1.9565410441635702,45.0
2.865726989198328,0.30553009471433107,2.560196894483997,46.0
1.2064977805941344,0.923074805881203,0.2834229747129313,47.0
1.8496708085327256,0.813506563811086,1.0361642447216397,47.0
0.7815636591626897,1.2393021799882538,-0.4577385208255641,46.0
1.055659540479213,0.6688763786364509,0.3867831618427622,47.0
2.3735260390362662,0.8109929522659765,1.5625330867702898,47.0
1.1675393317090885,1.5089235084235362,-0.34138417671444765,47.0
2.077157106649043,0.5374220374220234,1.5397350692270195,48.0
2.4354958516864076,0.4706666666666548,1.9648291850197528,49.0
0.9753460824111198,0.7200000000000017,0.255346082411118,49.0
0.9815965197255697,2.1944779982743547,-1.212881478548785,49.0
0.75430736109777,2.284623484365052,-1.530316123267282,48.0
1.025610287727676,2.030904130943075,-1.005293843215399,47.0
0.9846931783068475,1.5168888888889231,-0.5321957105820756,46.0
0.8973086842272538,0.8363610994540235,0.06094758477323037,46.0
0.8145280706642655,3.8680403331871887,-3.053512262522923,46.0
0.9171896878240708,0.7816482879726008,0.13554139985147007,47.0
0.6596025880186478,1.2769624526474734,-0.6173598646288256,46.0
1.85660169658102,0.5504080021058352,1.3061936944751849,47.0
0.9360203863134517,2.198718644803977,-1.262698258490525,47.0
1.2219132341433987,1.3888000042226305,-0.1668867700792318,47.0
3.140583466717914,3.3512043512043084,-0.21062088448639438,46.0
1.4595079427382964,0.6420233463034949,0.8174845964348015,46.0
2.2975565731544747,0.5254700854700824,1.7720864876843923,47.0
1.1557622794631277,1.9596273291925284,-0.8038650497294006,47.0
0.590361167480388,0.7331289709615151,-0.14276780348112705,47.0
1.8668687431480138,0.8687659285113257,0.998102814636688,47.0
1.1588004110930707,0.7778096330275267,0.38099077806554404,48.0
1.2685948489082042,2.0293027955540643,-0.7607079466458602,48.0
0.7387008808906315,1.927088607594873,-1.1883877267042415,48.0
0.9537296388044703,3.166815343443273,-2.213085704638803,47.0
0.9510626512724225,0.9963935932304232,-0.04533094195800069,47.0
0.8913642757327105,0.6303991864901629,0.2609650892425476,47.0
0.9943005675262142,1.3657566442955393,-0.3714560767693251,46.0
0.8395666095237568,1.3631533777765896,-0.5235867682528328,45.0
0.8311644436845383,0.8326831447337054,-0.0015187010491670705,45.0
0.9270958467129238,1.4248021958185841,-0.49770634910566036,45.0
1.2483346936628639,1.6247102885429128,-0.3763755948800489,45.0
0.7571460519877791,1.7849783638986296,-1.0278323119108506,44.0
3.3889748739625207,1.5765289256197972,1.8124459483427235,45.0
1.5243428526643852,0.5940618008103354,0.9302810518540497,45.0
2.621125705484303,2.1296645307199658,0.49146117476433737,46.0
1.0498542356658187,1.1818181818181763,-0.13196394615235763,46.0
1.31921712765656,1.1558980438648496,0.16331908379171045,46.0
2.1136099212749273,1.5814960516869827,0.5321138695879446,46.0
1.011455598086683,1.5818421762032628,-0.5703865781165798,45.0
2.3529907867139284,0.63779527559054,1.7151955111233885,46.0
1.5985436360189025,1.2645869567649586,0.3339566792539439,47.0
1.8183942443255832,0.5741145605596887,1.2442796837658945,47.0
0.964376075295249,1.1752348517927096,-0.21085877649746054,46.0
2.5442090691231134,0.4812461059189916,2.062962963204122,47.0
1.3972589759344913,1.3093333333333759,0.08792564260111546,47.0
0.6675100642656907,0.8427018337953838,-0.17519176952969306,46.0
1.1346165837188062,1.1031700042007977,0.031446579518008555,46.0
0.9915933055612477,1.4787537667510224,-0.48716046118977474,46.0
1.3789318097139653,0.5956663941128368,0.7832654156011285,46.0
3.4460417311647844,0.7907890374178532,2.655252693746931,47.0
1.1207331045730908,1.4295983747460665,-0.3088652701729757,47.0
1.4483690671711134,0.4904065783462646,0.9579624888248488,48.0
1.924556545545242,0.7330006238303164,1.1915559217149256,48.0
1.5800795844653974,3.735220649458703,-2.1551410649933054,47.0
1.3158566979203463,1.0548688897230982,0.2609878081972481,48.0
1.5446337927438272,0.643703703703696,0.9009300890401312,49.0
1.2163974455260789,1.4204545454545954,-0.2040570999285165,49.0
0.7458855645924967,1.5558020749015495,-0.8099165103090529,49.0
0.8895950220246246,1.3554500454356575,-0.4658550234110329,48.0
0.95471847675646,1.1253114644035203,-0.1705929876470602,47.0
1.2307041646463506,1.4344074661031432,-0.2037033014567926,46.0
1.0626817757819749,2.421433743663928,-1.3587519678819533,46.0
0.7646380136955979,1.1309523809523692,-0.36631436725677124,45.0
0.7614288335612777,1.1682758620689573,-0.4068470285076796,45.0
1.8529558427446178,0.5947197355836327,1.258236107160985,45.0
1.119746118069549,0.9764886061437119,0.14325751192583702,46.0
1.578751708964646,0.923074805881203,0.6556769030834428,47.0
1.0212846493077752,1.0835939235441214,-0.062309274236346246,47.0
0.8397208147842468,0.7200000000000017,0.11972081478424501,47.0
0.806152176590533,0.9041818697108837,-0.0980296931203507,47.0
0.7931762685808704,0.6834310800708061,0.10974518851006432,48.0
1.001788800338883,0.9019011333110476,0.09988766702783547,48.0
0.8844088142105974,0.6315789473684144,0.252829866842183,49.0
1.384939205800686,0.790955237655756,0.5939839681449299,50.0
1.5080788131175604,0.7765023632680684,0.731576449849492,51.0
0.835331043762644,1.1594034387289374,-0.32407239496629336,51.0
1.424571448132699,1.5169988276671238,-0.09242737953442481,51.0
1.3048163914727338,0.49748743718593175,0.8073289542868021,52.0
1.8943042360093694,1.0222222222222221,0.8720820137871472,53.0
1.0715491254704905,1.3980993839516458,-0.32655025848115526,53.0
0.918072749413619,0.7063808294516734,0.2116919199619457,53.0
0.8121192548514727,1.5997334729427664,-0.7876142180912936,52.0
1.0939471749989889,0.8905916968568868,0.2033554781421021,52.0
0.9868106005130537,1.0712724092697925,-0.08446180875673881,52.0
1.038309319885005,0.5243243243243212,0.5139849955606839,52.0
1.102156891931094,1.4473887814313449,-0.34523188950025085,51.0
1.0189193229268467,0.9927695499572433,0.026149772969603413,52.0
1.3948838179154153,0.9459279038718356,0.4489559140435797,53.0
1.0400629226427736,1.0697943007930661,-0.029731378150292587,52.0
0.8909229184188748,0.5721869820452999,0.3187359363735749,52.0
1.6088612568239073,0.9330093066604468,0.6758519501634606,52.0
1.7457690035337292,2.913688840021878,-1.1679198364881487,52.0
2.1277750883871684,1.228056703712779,0.8997183846743895,52.0
1.0182710322743929,2.2931776275353704,-1.2749065952609775,51.0
1.5268371680863277,1.7862098872506613,-0.2593727191643336,50.0
0.7432039416682767,1.602010323281711,-0.8588063816134341,49.0
0.9361958279149606,1.467204328518181,-0.5310085006032205,49.0
1.341332723022494,1.3691846711875193,-0.02785194816502523,48.0
1.419660733787583,1.8828451882845552,-0.4631844544969721,47.0
1.1455357068510312,1.5168929342795596,-0.3713572274285284,47.0
1.9658404130106786,1.7948616208709158,0.17097879213976275,47.0
2.0947633166407984,1.1415009041591142,0.9532624124816842,47.0
1.0779523404450404,1.6727667379608733,-0.5948143975158329,46.0
0.6950772614232079,1.1902564102564277,-0.4951791488332198,46.0
0.8529775145353766,0.8136745697427377,0.03930294479263896,47.0
0.8849393198821173,1.5571977534732486,-0.6722584335911314,47.0
0.8928995569569256,1.1553273427471342,-0.26242778579020865,47.0
0.5035326727767867,1.532688945486264,-1.0291562727094772,46.0
1.4363849981898582,0.536501534339173,0.8998834638506852,47.0
1.2215329050268204,0.8207150368033653,0.4008178682234551,47.0
1.190006858213418,0.449979535577584,0.740027322635834,48.0
1.6007473843906845,1.7257838090781146,-0.12503642468743004,47.0
1.3094610562748357,0.7995063448859351,0.5099547113889006,48.0
0.8601532451786619,1.3500768101226548,-0.4899235649439929,48.0
1.7823511552297016,0.6416256157635387,1.1407255394661628,49.0
0.892439504380195,0.5944742155662488,0.29796528881394624,49.0
1.1712026892974818,1.4762539338188647,-0.3050512445213829,48.0
1.3419888547682748,0.975385641772088,0.3666032129961868,49.0
0.884425347742162,1.304008101401622,-0.4195827536594601,49.0
1.5990056513330035,1.2622318630995337,0.3367737882334698,49.0
1.0202059956199594,2.908558888076076,-1.8883528924561166,48.0
2.1161478854591778,4.084539223153123,-1.9683913376939453,48.0
0.9030801075765401,0.8730685284863786,0.0300115790901615,49.0
1.2511399371976888,1.09823692640778,0.15290301078990876,50.0
1.0990261045782348,1.2089588158539932,-0.10993271127575843,50.0
0.8948802454349779,1.5233519120977679,-0.62847166666279,49.0
1.8073615305789208,1.0505050505050586,0.7568564800738622,50.0
0.9313747879290586,1.513459560825165,-0.5820847728961065,50.0
0.9296075505673996,1.7502153316106288,-0.8206077810432292,50.0
0.8561221385084051,1.6294681778552076,-0.7733460393468025,50.0
1.3860929210354516,1.340702210663175,0.0453907103722766,51.0
1.0949341717267966,1.3506662333441435,-0.25573206161734685,51.0
1.227838147438029,1.1535355393699347,0.07430260806809441,51.0
0.922566824357187,0.9633586274912855,-0.04079180313409858,50.0
0.7608191157915157,1.132918184319008,-0.3720990685274922,49.0
0.7864789564555754,1.6456535967156476,-0.8591746402600722,49.0
1.597624571666915,1.0190115111385825,0.5786130605283326,49.0
4.830492676518938,0.39904046725074366,4.431452209268195,49.0
0.7060268669478612,1.612785869728302,-0.9067590027804407,49.0
0.8859027798992454,1.340953045341453,-0.4550502654422077,48.0
1.3419851850703102,1.3974700399467606,-0.055484854876450385,47.0
2.4939071016631464,0.32875727736648747,2.165149824296659,47.0
1.2287985446722345,0.7816482879726008,0.4471502566996337,48.0
2.2781631293934828,4.1662269129288045,-1.8880637835353218,47.0
1.6028532509547475,1.4411006980662606,0.1617525528884869,47.0
1.6097710743197218,1.191680432012451,0.4180906423072708,48.0
1.7053402050200486,1.3057019645424122,0.3996382404776364,48.0
1.1132802275495421,0.8580476806851092,0.255232546864433,49.0
0.7607250649016422,2.296516169348548,-1.535791104446906,48.0
1.2066663170663119,1.2432264192178852,-0.03656010215157335,47.0
1.0570728306416208,1.3535830138602132,-0.29651018321859235,47.0
1.567588585163748,1.0594578435221502,0.5081307416415979,47.0
0.8456650423567955,1.3486792735921362,-0.5030142312353407,46.0
2.074469852802937,2.5550947867298768,-0.48062493392693995,46.0
1.2979244315773892,3.6029668411868316,-2.3050424096094426,45.0
1.3156402206271782,1.1661357252370723,0.1495044953901059,45.0
1.007771894992057,1.268438192436033,-0.26066629744397596,45.0
0.870313984071227,0.8016700346968503,0.06864394937437668,46.0
3.872812350794617,2.21145539906108,1.661356951733537,47.0
2.117222388555092,1.3352872215709486,0.7819351669841434,48.0
1.8697315196697293,1.7537826685006426,0.11594885116908671,49.0
2.5848340727760255,1.3239437100836111,1.2608903626924144,50.0
0.7559696535988144,1.1210702341137613,-0.36510058051494687,50.0
0.8913889133746106,1.650258179650315,-0.7588692662757045,50.0
3.8170518738838246,1.8726917293233818,1.9443601445604428,50.0
2.1632293296906635,2.6896551724138713,-0.5264258427232078,49.0
2.1001926366074666,0.6226177617895516,1.477574874817915,49.0
0.9897532805658825,1.0686274509804032,-0.07887417041452072,49.0
0.9574568567378094,1.4756353041302706,-0.5181784473924611,48.0
1.4370735359820235,0.7266808717132655,0.710392664268758,49.0
1.0966531685898804,0.7495156605983359,0.3471375079915445,49.0
1.4289526459671755,0.9139634678370302,0.5149891781301453,49.0
1.4848122869771845,1.3016736958033388,0.18313859117384568,49.0
1.1075024023479818,0.978579840148374,0.12892256219960785,49.0
0.863123407060446,0.9366345283287277,-0.07351112126828174,48.0
0.7875984376844513,1.2893980260250346,-0.5017995883405834,48.0
1.1239863286979122,1.634155823434663,-0.5101694947367508,48.0
1.397317003222223,1.1073935669503703,0.2899234362718528,48.0
0.8697319082883423,1.6700620017714298,-0.8003300934830875,47.0
0.9236832467233221,1.466585365853673,-0.5429021191303508,47.0
1.5851199448234465,2.6879547291834807,-1.1028347843600341,46.0
1.6717587390915134,1.036067223479254,0.6356915156122593,47.0
2.7073484155548684,2.5682191780821673,0.13912923747270112,47.0
0.675796465390439,0.7844939058745775,-0.10869744048413843,47.0
0.8875273137089611,1.5523166821384913,-0.6647893684295302,46.0
1.236165193218625,2.366600790513869,-1.130435597295244,46.0
0.6258260537908764,1.0955206997488602,-0.4696946459579838,45.0
3.224527021628053,0.6853932584269496,2.5391337632011033,45.0
1.7960206342693064,3.006493506493428,-1.2104728722241216,45.0
1.4352667295324804,2.342047930283238,-0.9067812007507576,44.0
0.9800689849230264,0.7786560501088957,0.2014129348141307,44.0
1.7088343203676244,2.0333961755992203,-0.32456185523159586,44.0
1.0355261339442836,1.15590170538472,-0.12037557144043642,43.0
0.8087250401246435,1.5210181705474448,-0.7122931304228013,43.0
5.082265227577956,0.41812048192771617,4.66414474565024,44.0
0.9447086733702418,0.9052952489478979,0.03941342442234386,45.0
1.0780537298443589,1.3076012780561146,-0.22954754821175571,45.0
1.2894307647840133,1.0653203292468385,0.2241104355371748,46.0
1.2705591579243283,2.2857142857143335,-1.0151551277900053,46.0
1.5922706921897327,1.179892244373851,0.4123784478158816,47.0
0.6918809884084712,0.9496486260524395,-0.25776763764396826,46.0
0.8566088895932061,1.3636363636363924,-0.5070274740431863,45.0
1.0602253832424133,1.5443164747120905,-0.4840910914696772,45.0
1.0023370989207263,1.7570858487669885,-0.7547487498462622,45.0
0.9571797496185858,2.195308083663077,-1.2381283340444913,44.0
1.5133395922038182,0.9908441185850432,0.522495473618775,45.0
0.9068901257609879,1.6028952130284282,-0.6960050872674403,45.0
0.7527589166086661,1.7970885295086962,-1.0443296129000301,45.0
2.8192342566886337,1.600864705046182,1.2183695516424518,45.0
1.3262524338335775,0.5827794628177084,0.7434729710158691,45.0
1.560978824341826,1.1126093294460617,0.4483694948957644,45.0
3.3598849946208253,2.6200326619488785,0.7398523326719468,46.0
2.528512178395067,1.4112903225806517,1.1172218558144151,46.0
2.105512476890192,0.8102633355840535,1.2952491413061384,47.0
0.8485356846914328,1.2882549445361358,-0.43971925984470295,46.0
1.4178518625627385,1.333486993315458,0.08436486924728048,46.0
2.3700216479239202,0.8064334085778956,1.5635882393460245,47.0
1.0762904302621068,1.6385840536078726,-0.5622936233457658,46.0
0.7043795969710217,1.6558038496787606,-0.9514242527077389,46.0
1.2995140992644438,2.1296632816676264,-0.8301491824031826,45.0
1.567735017554223,1.0364959113949497,0.5312391061592734,46.0
1.1575774343254033,1.2225136537850445,-0.06493621945964123,46.0
1.193231827747004,0.6666666666666599,0.5265651610803441,46.0
1.0527204009858069,1.4316526610644076,-0.3789322600786007,45.0
2.0990911677179014,0.9332477535301614,1.1658434141877398,46.0
1.0554524632926818,1.8898358808199316,-0.8343834175272498,46.0
1.2470969803166148,1.7737424379846705,-0.5266454576680557,45.0
1.2820253809729565,3.202898550724553,-1.9208731697515964,45.0
1.540447779854256,0.8494999999999929,0.690947779854263,46.0
0.7832417025056387,0.8031976758973548,-0.019955973391716064,46.0
1.1739724311680049,3.0884385076001575,-1.9144660764321526,45.0
0.9007008760892549,0.8002822545234567,0.10041862156579817,46.0
2.640910655653027,0.6437768240343347,1.9971338316186922,46.0
1.0441459278285683,2.2866948257655944,-1.242548897937026,46.0
1.0905819113849764,0.4033173411476767,0.6872645702372997,47.0
0.9891964757184688,0.9904165130851317,-0.0012200373666628739,47.0
1.0452813771138998,1.5091744412249197,-0.46389306411101994,46.0
1.1129283519817783,1.7693382573111325,-0.6564099053293542,45.0
1.8290623830667843,0.7078091973721644,1.12125318569462,46.0
1.5077187557729297,2.247947824131357,-0.7402290683584272,46.0
1.1901305006050606,1.7054370268410322,-0.5153065262359715,46.0
1.596800687910255,0.7498989898989944,0.8469016980112606,46.0
2.078692953391879,3.031250000000044,-0.952557046608165,45.0
1.6796974310657407,2.2806623631770613,-0.6009649321113206,45.0
1.4911198287991683,1.8721502011622355,-0.38103037236306725,44.0
0.823294914613078,1.7366754369950725,-0.9133805223819945,43.0
1.17208254145896,2.0612740843602917,-0.8891915429013317,42.0
1.9848247097503255,0.7916666666666871,1.1931580430836384,42.0
1.2062453993767253,1.5021303320365331,-0.29588493265980786,42.0
1.8682991712013455,0.5783037475345132,1.2899954236668323,43.0
1.0498123662173549,1.3312841080939017,-0.2814717418765469,43.0
0.8039486576799303,1.3949031645306325,-0.5909545068507022,42.0
0.954014965238551,1.1463722695278826,-0.19235730428933162,42.0
2.4684970234325556,0.7302970297029698,1.7381999937295858,43.0
1.4246041310024828,0.5792880258899572,0.8453161051125256,44.0
0.7662956224435261,2.243400510928248,-1.477104888484722,43.0
1.1240072278880282,1.6100141043723637,-0.4860068764843355,43.0
2.4052685740560142,0.7179066480183803,1.6873619260376338,43.0
1.2705670534286262,0.7793040293040384,0.4912630241245878,43.0
1.2875406881217921,1.3799999999999821,-0.09245931187819001,42.0
1.2760440560836015,0.8569746909946845,0.419069365088917,42.0
2.02152392393224,1.5814960516869827,0.4400278722452571,42.0
1.1500144795155438,2.292031706299547,-1.1420172267840032,42.0
3.971683679300388,1.5534953554502198,2.4181883238501682,43.0
0.8108417585045329,1.3893586665274826,-0.5785169080229497,42.0
1.4956928867414057,0.7847821520585506,0.710910734682855,43.0
1.5203098951800806,1.8898701298701714,-0.3695602346900908,42.0
1.2705723578310524,1.1041271583537686,0.16644519947728376,43.0
1.1016897046836671,1.4359261331841124,-0.3342364285004453,43.0
0.8215432141536901,0.8086692526558112,0.012873961497878894,43.0
2.17860318996808,2.1105990783409836,0.06800411162709619,43.0
1.3886998336967216,2.3868350909723617,-0.9981352572756401,42.0
1.897360922685841,0.9392148115101517,0.9581461111756893,42.0
2.1079628823756797,0.27907621887787204,1.8288866634978076,42.0
0.7089866498595394,2.198718644803977,-1.4897319949444374,42.0
0.9816858301312031,0.6869565217391252,0.2947293083920779,43.0
1.5492500226664605,1.6509240246406534,-0.10167400197419285,43.0
0.9261289180937969,1.259875150240724,-0.333746232146927,42.0
1.1325522599092268,0.9509009301038369,0.1816513298053899,43.0
0.9645029173636974,1.3535117987376473,-0.38900888137394984,43.0
0.8718739851893325,0.5819209039547988,0.28995308123453367,44.0
0.8548167312430228,1.5501359322765462,-0.6953192010335234,43.0
2.805614969599832,0.3294208197036869,2.476194149896145,43.0
2.7891593643266104,0.6842718446602023,2.1048875196664083,44.0
0.8623798658060196,1.2794364620198342,-0.41705659621381463,44.0
2.267200778961079,3.530869565217353,-1.2636687862562739,44.0
1.2573749957565499,1.3481644640235566,-0.09078946826700673,44.0
0.9065082756919333,1.2388712183341295,-0.33236294264219624,43.0
1.713726710482433,1.1493237315880782,0.5644029788943548,44.0
1.1136393150629071,1.416930646042628,-0.30329133097972094,44.0
0.8548254728398836,0.7777777777777684,0.07704769506211528,44.0
1.8251742119162107,0.7254739331288036,1.099700278787407,45.0
0.8595486942403365,0.7834035758156936,0.07614511842464289,46.0
0.9119051928333431,1.330794406426661,-0.4188892135933179,46.0
1.1922830652585834,1.2024276145606705,-0.01014454930208708,45.0
0.7471151148233796,1.5365934797072518,-0.7894783648838722,44.0
0.835296850128856,1.5974882102632593,-0.7621913601344033,44.0
6.90849654323076,0.39908466819223143,6.509411875038529,44.0
1.3615902638061015,2.4898848428259743,-1.1282945790198728,44.0
1.1359994415711152,1.8820391227030293,-0.7460396811319141,43.0
1.2562129225347625,1.8006148658699426,-0.5444019433351801,43.0
2.5659936271211445,1.679999999999987,0.8859936271211575,44.0
1.29528044427777,0.9090112092901783,0.3862692349875916,45.0
0.9990539010140448,1.574323347938058,-0.5752694469240133,45.0
0.7050833622409857,1.197170723555609,-0.4920873613146234,45.0
1.50379975275596,2.94891059353877,-1.44511084078281,44.0
1.4609910694838295,0.5376029277218572,0.9233881417619723,45.0
1.8135165998809133,0.6031288596130083,1.210387740267905,46.0
1.5899904098761892,0.6759294029290316,0.9140610069471576,46.0
0.8902957986385526,0.8643461722476801,0.025949626390872504,46.0
2.2150220874370365,1.088773497577373,1.1262485898596635,46.0
1.9450198886227532,1.7316313823163205,0.2133885063064327,46.0
1.4856595215792223,0.7957961557458304,0.6898633658333919,46.0
1.6437632171322198,0.715133279282493,0.9286299378497268,46.0
1.1987032178454347,2.2919708029196744,-1.0932675850742397,46.0
0.8548598497958908,1.1250125648329394,-0.27015271503704863,45.0
0.9680112883500013,1.3911629283135911,-0.42315163996358984,44.0
0.7209974349833718,0.9700820205428725,-0.24908458555950075,44.0
1.6002580916640587,0.7733268391667412,0.8269312524973176,45.0
2.052090762742099,0.5762711864406732,1.4758195763014257,46.0
1.1586133081454084,1.4006373007565294,-0.24202399261112095,45.0
0.9103735142482045,2.3314203730273197,-1.4210468587791154,45.0
1.7356256035852111,0.9571808360201226,0.7784447675650885,45.0
2.1736176570487116,1.5228942905596399,0.6507233664890717,46.0
1.6751794265052962,1.8564331843020614,-0.18125375779676522,45.0
1.106636448279532,0.9990367539239772,0.10759969435555472,46.0
0.9479025374129044,0.6526485695427463,0.2952539678701581,47.0
1.7847429356390074,1.0240191305661936,0.7607238050728138,48.0
1.0697630439686634,1.4955836715206414,-0.425820627551978,47.0
0.921853090736354,1.058505422340422,-0.13665233160406798,47.0
1.018444503320385,1.546338867321269,-0.527894364000884,47.0
1.4284662748740542,0.8753013669386761,0.5531649079353781,47.0
1.2827421543263746,0.7359825399189995,0.5467596144073751,47.0
1.3291561194662995,1.2011277345449656,0.12802838492133395,48.0
2.410267830620329,0.29034146341463185,2.1199263672056974,48.0
1.8930073151717814,1.5514018691588638,0.34160544601291765,49.0
1.233712393806909,1.620911970950037,-0.387199577143128,49.0
0.975638551376475,1.0785811975949566,-0.10294264621848159,49.0
1.7462948591590768,0.9269413297423366,0.8193535294167402,49.0
1.3457952826346005,1.475315315315274,-0.12952003268067358,49.0
1.0694725335508346,0.9806385299583391,0.08883400359249549,50.0
1.0562157981377651,2.1247514910536833,-1.0685356929159182,49.0
1.350676031667224,1.5195893567986993,-0.1689133251314754,49.0
1.9505370790878684,0.6804123711340199,1.2701247079538485,50.0
0.8741714860665809,1.2148837209302428,-0.34071223486366187,50.0
1.1601291924194095,0.6189967407595223,0.5411324516598872,51.0
0.836655458846478,1.3949031645306325,-0.5582477056841545,51.0
1.8354954864883544,1.361432301380055,0.47406318510829926,51.0
2.230293377163907,0.5423186344238891,1.6879747427400178,52.0
1.063481456189292,0.9308972555466094,0.13258420064268261,52.0
1.1154116512468923,2.0561255280627537,-0.9407138768158614,52.0
1.4332929895012227,1.6764291137866747,-0.24313612428545195,52.0
2.851317237461511,1.355145692341226,1.4961715451202848,53.0
1.4470872228014586,2.3452131376660668,-0.8981259148646081,52.0
1.1882591042907729,1.2449221787186375,-0.05666307442786467,51.0
1.2257555022491151,1.6236222578919166,-0.3978667556428015,51.0
1.124253852439169,3.7379252414950694,-2.6136713890559005,51.0
0.9018779187720251,1.098276036204295,-0.19639811743226987,50.0
2.067270576845051,4.093333333333356,-2.026062756488305,49.0
0.9215658184117068,1.5343320258966857,-0.6127662074849789,49.0
1.5359850050375004,2.4019672131148146,-0.8659822080773143,48.0
1.0791103525680343,1.5474161182435924,-0.46830576567555804,47.0
1.5722952679534803,0.8408988764044785,0.7313963915490018,48.0
3.447931530446782,0.5239079102715488,2.9240236201752334,48.0
1.4202065752884918,0.7267763531530614,0.6934302221354304,49.0
0.8310184354216131,1.4208762128785521,-0.589857777456939,48.0
2.5027223113519583,2.850033624747841,-0.3473113133958825,48.0
3.2887710788141993,2.2431930693069835,1.0455780095072158,48.0
0.9574958860805705,0.8239319389883049,0.1335639470922656,49.0
1.0607737992038904,2.0712925170067886,-1.0105187178028983,48.0
1.606784112130321,1.7740312028183358,-0.1672470906880148,47.0
1.2009204192357872,1.3544198685720619,-0.15349944933627468,47.0
1.1882580599652945,0.7814417511042601,0.4068163088610345,47.0
1.0245105490882513,0.9787474331933479,0.04576311589490345,47.0
0.9729355202282512,1.3774437826232655,-0.40450826239501425,47.0
1.3471942950842295,2.423728813559286,-1.0765345184750563,46.0
1.0527327120467633,0.8518317354281161,0.20090097661864725,47.0
3.637452830800215,0.743868114193806,2.893584716606409,48.0
0.712066323315701,1.580938606285897,-0.868872282970196,47.0
0.8197129764690194,0.7311710008337362,0.08854197563528321,48.0
1.1680599380072294,2.022287885183658,-0.8542279471764285,47.0
1.6164920845688098,0.8109929522659765,0.8054991323028333,48.0
2.3906371937126325,0.5316832817692054,1.858953911943427,48.0
0.8110775135824753,1.1180863790752582,-0.30700886549278295,47.0
1.1429931910032176,1.5742397137746225,-0.43124652277140485,47.0
2.069603562028764,1.7706576728499228,0.298945889178841,48.0
1.3891996075178377,1.6287151348879778,-0.23951552737014015,48.0
2.5263861951760282,0.29034146341463185,2.2360447317613965,49.0
0.9855056345682853,1.5653093002025882,-0.5798036656343029,48.0
1.728829184598692,1.0592417061611485,0.6695874784375435,49.0
4.726180127706065,0.39881481481482534,4.3273653128912395,49.0
1.5865457277123487,1.545958215783128,0.04058751192922072,49.0
2.643050951131369,0.44532637075716847,2.1977245803742003,49.0
1.9269775279193775,2.715990453460671,-0.7890129255412934,49.0
1.3220975085790307,1.5248600592690154,-0.2027625506899846,49.0
2.28164782000876,0.7187010954616629,1.5629467245470972,50.0
1.3365108220292126,0.7729610609917374,0.5635497610374751,51.0
1.4634285211413247,0.7266808717132655,0.7367476494280593,51.0
1.3053433881053367,2.32440751000306,-1.0190641218977234,51.0
1.0481138786799638,1.1898617822073851,-0.1417479035274214,51.0
1.091930559309464,1.750854798267602,-0.658924238958138,51.0
0.7341505936418049,1.0781577301679015,-0.3440071365260966,50.0
1.3172215310821984,0.7128712871287203,0.6043502439534781,50.0
2.610536138476116,1.8104026845637506,0.8001334539123655,51.0
0.7335138750152267,1.2291072065989805,-0.49559333158375385,51.0
1.348556717888111,1.4463802390092273,-0.09782352112111625,51.0
1.461396749405695,1.1173460419471315,0.3440507074585635,51.0
1.522314107120429,0.7836065573770364,0.7387075497433925,51.0
1.4857829449978148,1.142968852840367,0.34281409215744785,51.0
4.3174823599336785,1.3694200823567197,2.948062277576959,51.0
1.2614053005545791,1.6875223880597061,-0.426117087505127,50.0
1.1369982366550127,2.2693806842788837,-1.132382447623871,49.0
1.4093317088087618,0.7190100560389915,0.6903216527697703,49.0
0.8903081911139301,1.4480932203390426,-0.5577850292251125,48.0
2.0702007074824746,0.605578664056764,1.4646220434257107,49.0
1.0334924373585364,3.279255319148895,-2.2457628817903585,49.0
1.6817527353374782,0.690687022900777,0.9910657124367012,50.0
1.0755782715885496,1.4845774450799543,-0.4089991734914047,50.0
1.2290362364488707,2.7701954998155607,-1.54115926336669,49.0
1.5424200212991326,2.2097297297297644,-0.6673097084306319,48.0
1.225122668458194,1.3949031645306325,-0.1697804960724385,48.0
1.553712395789468,2.7244094488188786,-1.1706970530294105,48.0
2.384167426906189,0.5434606011372861,1.840706825768903,48.0
2.201421225946222,1.5633280339162847,0.6380931920299373,48.0
1.2613413274281249,1.4677668019216334,-0.20642547449350857,48.0
2.2458943117588523,1.1279571105640493,1.117937201194803,48.0
2.361376165365269,0.2806896551724086,2.0806865101928604,48.0
1.3641774633317438,1.6607648725212893,-0.2965874091895455,47.0
1.1229347461048242,2.2112938596490963,-1.088359113544272,47.0
3.217024971390997,0.6877439500390337,2.529281021351963,48.0
1.2610912955746532,0.8358140609644564,0.42527723461019673,49.0
0.9713876206929719,1.3880027248099271,-0.41661510411695524,48.0
1.6951300924029855,0.4899009900990134,1.205229102303972,48.0
1.0976255638854804,1.4885195775883924,-0.390894013702912,47.0
1.1090031044420774,1.3312841080939017,-0.22228100365182435,46.0
1.672793706067474,0.9264967397747514,0.7462969662927226,46.0
0.9998577940716038,0.6688763786364509,0.3309814154351529,47.0
2.4786096014730763,0.5316363636363481,1.9469732378367282,48.0
0.8351661655728994,0.5549382797829695,0.28022788578992985,48.0
1.1526627137892442,1.5985657104736863,-0.4459029966844421,48.0
2.371458313805947,0.4281599999999951,1.9432983138059519,48.0
1.3703456578731272,1.5031982942430415,-0.1328526363699143,48.0
1.616147431017008,1.1049275362318898,0.5112198947851183,49.0
0.677162572796537,0.5647143655127574,0.11244820728377958,49.0
2.6042194731307426,1.2785800240673912,1.3256394490633514,50.0
1.008539527481049,2.336283185840717,-1.327743658359668,49.0
1.3482254658294703,1.7446358063033789,-0.39641034047390855,49.0
0.5916953771811471,0.7862987785627619,-0.1946034013816148,48.0
1.317917693779377,1.1820360465690392,0.1358816472103379,48.0
1.1466781667785846,0.8893871842549385,0.25729098252364613,48.0
2.9930778934109394,0.9838216003498106,2.009256293061129,49.0
0.8552320052530571,0.8857744454331299,-0.030542440180072794,49.0
1.148637601658455,3.6544286369894716,-2.5057910353310167,48.0
1.0245960998296717,1.9879991272092206,-0.9634030273795489,48.0
5.0310168933023975,0.42464225980301107,4.606374633499387,49.0
3.664838018291867,0.4152435167615437,3.2495945015303236,50.0
1.2136774932172683,1.1225397729295328,0.09113772028773548,51.0
1.1055189007834967,1.6334439785697532,-0.5279250777862565,51.0
0.9650753145158466,1.444741532976888,-0.4796662184610414,51.0
1.7176974061591772,0.5937450700311069,1.1239523361280703,52.0
1.9522107349100317,1.4972299168975018,0.4549808180125299,53.0
0.7897894873755054,1.0030608645100085,-0.21327137713450317,53.0
0.7374750613885516,0.8568478766018783,-0.11937281521332677,52.0
1.434100493808527,1.7008127033121392,-0.2667122095036121,51.0
1.8245988135872813,0.724279579758505,1.1003192338287762,51.0
1.3159279041249752,1.690536785663554,-0.37460888153857885,51.0
0.9523256345573627,1.5799977848416262,-0.6276721502842635,51.0
3.470148053634813,0.8620408163265397,2.6081072373082734,51.0
2.4699967673931638,1.223820058997065,1.2461767083960988,51.0
1.068969119546562,2.1518987341772435,-1.0829296146306815,51.0
0.9417377262364145,1.263382210586772,-0.32164448435035753,51.0
2.7624939672718742,0.882878855610195,1.8796151116616793,52.0
1.0891786208034704,1.4435695538057747,-0.3543909330023043,51.0
0.9339315300429973,1.397551397551385,-0.4636198675083876,50.0
0.7650412384509241,0.9889809461213173,-0.22393970767039317,50.0
2.760529635984605,0.9611086276262901,1.7994210083583149,51.0
1.2294317256436895,1.5198034787063224,-0.29037175306263285,50.0
0.9749150254121235,0.8619587462605138,0.11295627915160966,50.0
2.072466055363412,0.7275247524752353,1.3449413028881767,51.0
0.7441086327225714,1.8938286048552908,-1.1497199721327194,50.0
1.653097369449648,1.9610752688171882,-0.30797789936754016,50.0
0.9251431981003894,0.5464713513315148,0.37867184676887455,50.0
0.9121622551747472,0.947424692874437,-0.03526243769968973,49.0
1.134105434356262,1.0358180058083228,0.09828742854793915,50.0
1.176933421862443,1.4364140314040879,-0.25948060954164487,50.0
0.9313935094908766,1.24617737003054,-0.31478386053966345,49.0
1.013655200482737,1.3615897613815875,-0.34793456089885044,49.0
0.7722525548745821,0.7747537361172724,-0.0025011812426902758,48.0
0.8909913739652062,1.570440461803482,-0.6794490878382757,48.0
1.0730386529936085,0.763841711664946,0.3091969413286625,48.0
3.1922037565992225,3.2707034728406383,-0.07849971624141583,47.0
0.9035587255460205,1.295504210250299,-0.3919454847042785,46.0
0.974919604860969,0.754226509376314,0.220693095484655,46.0
0.8590370126343189,0.5042794759825356,0.3547575366517832,47.0
2.853025820722166,2.3536585365853853,0.49936728413678066,48.0
1.0416269365553694,1.663085954202295,-0.6214590176469257,47.0
1.3458106202498161,1.332882757523955,0.012927862725861106,47.0
1.2076864824072364,1.323786485796154,-0.11610000338891768,46.0
1.061394190957433,1.513459560825165,-0.45206536986773216,46.0
0.9607064806264911,1.3937233693870688,-0.43301688876057765,46.0
1.004505902032469,1.5688939339234147,-0.5643880318909458,46.0
0.9289625349510103,1.235924736077703,-0.3069622011266927,46.0
1.2901395910026676,1.1863949152418918,0.10374467576077584,46.0
1.2780892104392667,2.753743230328083,-1.4756540198888162,45.0
1.3046771705126021,1.5094091903719693,-0.20473201985936718,45.0
1.057122899965087,1.669924176157997,-0.61280127619291,45.0
1.3846960172921448,1.6009156995556701,-0.2162196822635254,44.0
1.5189262022520615,1.4443176631675039,0.07460853908455767,44.0
1.9000679090647221,0.7575384615384665,1.1425294475262557,44.0
1.7234977488331464,1.5292449485997865,0.1942528002333599,44.0
0.8233066642817155,1.1199498246990527,-0.2966431604173372,44.0
1.080293597964336,0.8914590213186289,0.18883457664570713,45.0
1.1676846656717388,2.012922465208734,-0.8452377995369951,44.0
2.56042563768327,1.485723771580362,1.0747018661029082,45.0
0.855370325548196,0.8467425935142394,0.008627732033956614,45.0
1.4673945953978116,2.0221339387059944,-0.5547393433081829,45.0
0.7122847137110129,1.1704555384855768,-0.45817082477456395,44.0
1.0198029464429597,1.517750419812138,-0.49794747336917844,44.0
1.4172919350953614,2.012922465208734,-0.5956305301133724,44.0
1.171594190625191,2.264827895503972,-1.0932337048787808,44.0
1.2008330623742731,0.8706077353616494,0.33022532701262375,45.0
2.0065213563738062,2.664316002019195,-0.6577946456453887,45.0
1.4335167287016697,1.8621052631578654,-0.4285885344561957,44.0
1.0233578801512824,2.5476190476191114,-1.524261167467829,43.0
1.2896954484802041,1.4920951364601274,-0.20239968797992325,43.0
1.5185862931617051,0.8101909154870987,0.7083953776746065,43.0
2.1659992978579643,1.6648377862595434,0.5011615115984209,43.0
1.3741887574966731,3.8680403331871887,-2.4938515756905155,43.0
2.794935414167613,0.7167970807003853,2.0781383334672276,44.0
1.0522811859510837,1.4219065280845855,-0.36962534213350184,43.0
1.0897148555438771,0.7362465860319876,0.3534682695118896,43.0
1.6847036549980927,0.6325579176375085,1.0521457373605843,44.0
1.332158473871091,1.6187363834422104,-0.2865779095711194,43.0
1.0789644804176861,0.891210549138263,0.18775393127942308,44.0
0.970067478126262,0.6038423745541469,0.36622510357211513,45.0
0.8793880253996961,1.4236061252735681,-0.544218099873872,44.0
3.6779924139224343,0.6222133757961825,3.0557790381262517,44.0
1.8351420785964887,1.1551459293395219,0.6799961492569668,44.0
0.8752886205380829,0.8681554508672495,0.007133169670833328,44.0
1.6191522828263667,0.6971551741237043,0.9219971087026624,45.0
1.0453626500853788,1.1031700042007977,-0.05780735411541893,44.0
1.5553229987128334,0.9180445539008458,0.6372784448119876,45.0
1.0923255179055935,0.763841711664946,0.32848380624064755,45.0
0.8961083326511009,1.6195054517023715,-0.7233971190512706,44.0
1.1644726067332831,1.3806057193419865,-0.21613311260870338,43.0
2.904819348587732,0.8142672544531694,2.0905520941345626,44.0
0.9562813980366485,0.8051108551729383,0.15117054286371012,45.0
1.9831191236501649,1.6081432284146848,0.37497589523548003,46.0
1.3078389477398737,1.7008127033121392,-0.39297375557226544,45.0
1.965779845897077,2.6179552534691912,-0.6521754075721142,44.0
1.4128638586654085,1.7679057116953607,-0.35504185302995217,43.0
1.2630685958210999,1.7853868967376696,-0.5223183009165697,43.0
0.8859094072957806,2.3353494623655653,-1.4494400550697848,43.0
1.0475475028656727,1.6585704474024776,-0.611022944536805,43.0
2.3878807274040117,0.8611670020121218,1.5267137253918899,43.0
2.1204999066614145,0.7647058823529299,1.3557940243084845,43.0
0.91633835876887,1.2002295705081065,-0.2838912117392365,42.0
2.369546955731419,0.7194021270480278,1.6501448286833913,43.0
0.9982958319572974,0.9999999999999991,-0.0017041680427016814,43.0
1.4140161563026556,0.7847821520585506,0.629234004244105,43.0
1.2731660772821554,0.9502103702416496,0.3229557070405058,43.0
2.07568714081734,0.617930456640129,1.4577566841772107,44.0
1.3304700940899474,1.2634463857485183,0.06702370834142912,45.0
0.7591878905367534,1.2853861613551836,-0.5261982708184302,45.0
0.81898072439511,2.6252573781743456,-1.8062766537792356,44.0
2.4396481974372257,2.3536585365853853,0.08598966085184045,45.0
1.5409728635622522,0.9868369109301883,0.5541359526320638,46.0
1.123137857725804,0.8435151604934855,0.2796226972323185,46.0
1.151147987309855,1.3111891457549698,-0.1600411584451149,45.0
1.380248693948114,1.3634046890927811,0.016844004855332884,46.0
5.488946544568843,0.9611086276262901,4.527837916942553,47.0
1.1352260167357804,2.3795620437955995,-1.2443360270598192,46.0
1.752367233748703,1.7488862973761699,0.0034809363725332165,47.0
1.6857992488803957,0.6748124398196881,1.0109868090607077,48.0
3.4382107854430117,0.6189446366781973,2.8192661487648145,49.0
1.8201389360844025,2.406027934329799,-0.5858889982453963,48.0
1.5852129284418337,0.7916666666666871,0.7935462617751466,49.0
1.3368583255806463,0.6897521666413344,0.6471061589393119,49.0
1.0826811743070466,1.7926960257787492,-0.7100148514717026,48.0
0.6764727211542935,0.6623134426640763,0.014159278490217142,49.0
1.2642761730881478,1.6405362533899797,-0.3762600803018319,49.0
0.9643513933241538,0.9391057447425825,0.0252456485815713,49.0
2.547568105752585,0.5052655418412307,2.0423025639113543,50.0
0.9109593720485846,1.0000776363355817,-0.0891182642869971,49.0
2.91770016210039,1.215277628642192,1.702422533458198,50.0
1.2946157693972487,0.7459635336730298,0.5486522357242188,51.0
1.4776936694117278,0.969670329670315,0.5080233397414128,52.0
1.5852033780195065,0.8091525423728777,0.7760508356466288,53.0
2.1100669769592106,3.1052631578947043,-0.9951961809354937,53.0
0.8328426913885498,1.0483543981949737,-0.21551170680642384,52.0
0.6651976418441656,1.4816358943815784,-0.8164382525374128,52.0
1.0368073138944152,0.9700168115734906,0.06679050232092454,53.0
1.389133084963909,0.679936933385888,0.709196151578021,53.0
1.296197622163091,1.284476983239212,0.01172063892387909,53.0
0.6964944916520815,0.795343548431332,-0.09884905677925049,52.0
0.9856039199030537,0.9641011352286407,0.021502784674413022,53.0
2.7977423962523233,2.3508771929824115,0.44686520326991186,53.0
1.6812050419048015,2.5465575620768357,-0.8653525201720342,53.0
1.2107006674559628,0.6563018462091104,0.5543988212468525,54.0
0.7745602755738522,1.0833333333333461,-0.30877305775949393,54.0
1.7509592062392396,1.1289887640449396,0.6219704421943,55.0
1.3611251790145111,1.2369476227735943,0.12417755624091686,56.0
2.239274734608484,3.202898550724553,-0.9636238161160691,55.0
1.5581198679545212,1.4493537015276328,0.10876616642688841,56.0
1.565793397639058,1.025787965616084,0.5400054320229739,57.0
